Domain ,Continue doing,Stop doing,Plan doing  - May 21,Updates to Plan - June 30,Score / 3 - June 30,Updates - Aug 2nd,Updates - Aug 30th,Updates - Sep 28th,October 5,October 12,October 18,October 26,November 2,November 9,November 16,November 23,November 29,December 6,December 13,December 19,December 25,December 31,January 6,January 17,January 23,January 31,February 6,February 14,February 21,February 28,March 14,March 21,March 28,April 4,April 11,April 25,May 2,May 9,May 16,May 23,May 30,June 6,June 13,June 19,June 27,July 4,July 11,July 18,August 8,August 15,August 22
Thoughts,,,,,,,,,,,,,,,,,,,,"I want to find my dreams, I found one. 
I want to consider sleeping 11-11h30 then go to gym early like 9 workout till 10, walk a bit till 10;20 then stretch till 10;45

walking pad still in consideration but not the goal.

what if i tried 8 to 10 of gym + walk? just think i want to be happy too.

is quarterly financial check in enough for reaching my dream?
having kids/cat/car dosent seem to align with my dream so for now i dont want it.

Do i overwork to get to my dream? no but i work smarter to be more productive.


I want to find more dreams? how many dreams should i have","excited to get stronger at the same bodyweight.

the tracking with the garmin HRM is next level

was fun to do my tax stuff for 40$ for TDG

so good to have my dreams locked in helps me guide my decisions.","Days are off its Jan 3 but whatever. 

Progressive overload feels awesome. I skipped a workout but it was a good week overall. 

No need to be ancient in game its not my life goal. 

New year new chance to save big and get big gains.

RREADing ? Meditation ? kick into 2026 lets go","incline the bench by one notch

strength increases were visible and heartfelt

started to feel a bit more tired from the volume and not sure i can push much more. I can sheer willpower and technique but i am more tired. i unexpectedly lost a lot of weight.

I mean i dont want to reduce a gym day and i want to keep pushing, 

Decision is to move 2000k to 2100k.


We will measure impact next week its only 5%.","cheat meal burger and fries felt horrible i need some plan for healhtier cheatmeals. perhaps i can make a big ohme meal or get metro stuff

training was hard but did it anyway 

gaming was rly fun 

finishing meals 4h before bed a great idea for sleep 

sleep mask a great idea for sleep

i think as i get older i should exercise more but not noow

Deload week needed HRV Trend down","dopamine reduction 
entrepreneurial spirit
hrv still not going up 
dip in weight

it as agood week full of purpose
the new book kept me up a bit but the result is visible on thedailygainapps.com
I filmed my virst video
improved green room","Met Greg this week was awesome.
Had Amal and unplanned cheat meals and also dipped in activity quite hard. 
HRV was bad too all a factor of meeting. 
found out Nerdy was aware of exise contributions
Decided I need to move from being inspired to succeed as an entrepreneur to dedicated. 1hour per day is not going to do it , need to move to anytime possible. 

As such reducing time gaming from 4 to 2hours is not bad. I can always call and talk to Aatris while coding and he POE but i need to spend more time on my buisiness. I need to learn and grow more and I need to touch a million people's lives if i want to make it

If i want to pay off my mortgage and live free as a bird I gotta work hard. thje slowlane market 5year risky tactic is a plan B but not plan A. 

I need to focus on my HRV by not pushing all the thinking to post gaming by finishing gaming early anrd reading.
Party room is availble for me!","Pushed hard on entrepreneurship and backfired.
lots of late nights and worrying 
lots of learning too

Need to keep pushing but with reason 
game timeis fun reducing it from 6 to 4 is logical but not from 4 to 2 
working hard on TDG + Exise to get the new app out but TDG solo is not getting enough traction albeit some nice ideas

for next week try to use more time to work on company, but dont neglect sleep/vt or fun 

take it easy life is short
also do get the steps in it helps a lot mentally u dont care abou thte cold

Calcium needed end of week

Eat 2-3 baby carrots per day
2300 calories seems good, 3k on soccer and cheat meal logical

Less reading that book was lesss stress. I need a stress free book next","Just sent 5on to the stores, and dual instances to the server. this week was very pushing hard to get the apps in prod. it was exhausting

also a week where i did 90lb pullup.

I didnt walk at all which was bad but i invested a lot in learning and growing.

1 baby carrot a adya and a bit more cheese
the new caloric plan seemed more sustainable

this seems to be the sweet spot in terms of calories ,if i just walk or exercise a bit more should be stable and im having enough energy and still mini deficit in that case let stick to this","i took it easy this week since im travelling today but boy 2h20m seem low. 

found out why HRv was bad the last few weeks - tweaked the schedule on garmin watch 

5on is approved build 1 and we're starting ads heavy next week exciting times ahhead.

new metrics and insights with cornometer.

blood test found vita d defficneccy and also prediabetic 1 marker. 

decided to zero on liquid sugar ( hot coca, orange juice, sugary drinks and get 0 added sugar. no more loaker even on cheatdays, stick to hard chocolate and maax 20g added sugar)

lost some weight surprisingly

injured myself at soccer but healed relatively well , sitll not 100%","it was a fun week in costa rica, 

even though not much sleep or workouts in any given area -> learned a lot about new cultures



move to 2350 calories base","gained some weight from Montreal + Costa effect

1kg in total

HRV went up significanltly 

No longer using garmin except for workouts, might consider phasing out, but still need the step counter. ","was a good week, strong pr's 100lbs pullup and 2 goals in my best soccer game yet. 

preparation and good sleep paid off a lot. 

Nerdy shipped student v3 lots of praise. ","no new PRs nothing out of the ordinary but a solid week. 

there was a bit of stress with a preg scare but all under control

made my taxes, prepare the next nerdy tutor app, solid work and shipped a release for TDG

got some new metrics for home air etc, good purchases

improved nutrition gap closing

dont go early to soccer","some small new PRs (bench and pulls and  DL)!

super active week with high HRV - killer week

if i have to eat late night no carbs helps a lot

2goals soccer, better darbuka

tons of new skills learned

solid week in all fronts

going to STL!","Mixed feelings for this week

Learned a ton but did not get a good gym sessions and steps in


next time there is AI day prepare well with food and do long walks after","I worked so hard this week. 
I was full of purpose and ended with tons of skills, a revamped v3 for students and hopefully trust amongst stakeholders

the outdoor workout made me feel so good full of strength

there wasnt much of a life outside work / workout / game","big work week. 
lots of things setup.
direct reporting to ownership

soccer ended
was consumed by my things to do 

new desk stuff is fun ","LOTS OF D4
ton of work too but making big progress","serious stress at work
still got by in terms of workout and some fun","stress at work on new level after hearing what Cael said, but used it to push harder as usual

strong gym week 4days baby","a week without Abhay so much victory and power at work
4 solid workouts
feeling strong flexible","tons of refactor
a good interview withJane
a good aggrement with Naz about room
clarity of thought","wind down routine:
9;45 MAX i stop gaming
10:30 I should stop all screens
read and breathe before sleep 
Red light starting 9;15PM

balccony walk around everyhour++
need activity between workout and work and game

worried about HRV drops HRV lol","look i wont lie its been a stressful week im up at 7:20 am writing this
i do miss being up that early hehe

look u ar edoing good but u need to manage stress beetter","well the interviews are the highlihgt and the exrcise.

a calisthencius parc workout to evcen things out","this was an interesting week. i mean i didnt go to gym only twice but my HRV went up.

Totally quit caffeine, its better without it for my body , gotta remember that
HRV went a bit up

a bit pain lower back coz baD Gym move but better already","what a big week 
im serious about Piggy now.
I also had some fun with soccer and biking. 

it was a different week inspiring and creative

im reinvigorated totally","shipped first ads kind of milestone

learned a lot about making ads, made my system better still a long way to go 

stuck home coz of wildfires

1 less fap made me a bit stronger but also hornier . ","Europe was aweome outside of some not great sleep and loss of muscle it was really fun and eye opening.

it was hot as hell , next booking should be cooler or different time.


stress was the lowest ever","I went to pool and the day after got huge sore throat then got sick probably swallowed some water there which was nasty. 

i couldnt workout which kind of sucked ,but my stress overall did reduce quite much. 

my steps are too low though 6.5k is like grandpa. yes its hot but thats an excuse

no porn since July 28","its been a good week overall

3 workouts

Nerdy work directly with Chucck

JP gone, no more Abhay defense

still porn free

getting close to vacation

shifted eating window"
Exercise,"tracking
consistency | discipline
measuring progress
listening to body and readjusting","overindexing on progress
feeling bad whenever regress occurs
not being 100% focused when training","revising goals: am i okay with the plan I am on? 
More flexibility and strength, some skill training. I could go faster with levers if I did more skill training.

Yes, all round strength / flexibility is more useful than specific skill mastery. 
but I have to accept that everything will progress slower. Long legs no rush.","All round plan continues , some slacking in summer but still working out.

Found good ways to work home without gym that's pretty dope",2,"Workouts at home been really good but not seeing enough results yet. 

A bit frustrated on levers and got side pains from bad habits on levers . 

will need to focus more lifting legs and core together (not kicking 1 leg) to avoid bad habits. 

Overall still good shape but want a mini focused experstise to close back lever straddle clean 10 seconds. ","Still dedicated though tracking and consistency have a litte bit fallen off to random workouts. 

Discipline is still there. 

Havent practiced levers in a week to take a break should be back to it next week.

New full body routine split with skills 5 times a week or 3 times a week pushing hard sessions

Need to experiment again with differnet things","Discipline still there and listening to body when weak.

Still missing a specific workout, winging it on vacation. 

felt like i cannot hs press anymore :/ 

BIOMARKERS STARTED

Still need home dumbells for more effective workouts 


All in one: 

Warmup 10 
Skills 15 ( MU FL BL HSPress HS HSPU Lsit 1HPU ElbowLever DragonFlag)
Weights 15 ( Pullup Dip Bench DL HipThrust Shoulders RDL )
Calisthenics 20 (Circuit)
Yoga 10","Got dumbells, still in Lebanon working out day yes day no kind of and eating a lot. 

i was able to hs press so still got it lol

All in one workout needs more trial but seems promising feeling wise","New plan is good, new dumbells and bench are useful. 

First workout on skill/cali/dumbells success even tight and sore !

need to lower BF to get back in shape","Its hard to decide what to do on the spot I think reverting to previous plan is worth consideration to have a bigger glossary of workouts.

use the prior workout as dictionnary but keep the same formula. 

Volume needs increasing thats a must but starting durnig work is hard. 

aim for 3 workouts next week (PLAN BEFORE not on the day of)","4days of workout seriously 

Good skill and weight work satisfied with new formula 

Monday to Thursday

Took discipline and pushing myself but done W1

Seeing good results ","2w serious workouts

feeling stronger and fitter

Metrics showing improvement","Missed a workout this week was not feeling very strong. Soccer took a toll on me but also motivation was a bit down. I need to have a more specific strength goal to be more focused on lifting heavier etc. or start recording my weights high level. 

Next week move to 70s","doing great, a bit more reps than weights given deficit , will continue","start tracking workout effort. 

4 times a week + soccer is ideal 

before everything 

does not need to be 500 calories but needs to be strong sets

added a new tracking sheet","progressive overload is motivating!


need to try and get another workout in even if its 30mins!
4 workouts + soccer is the optimal !!","Progressive overload !!
5hours of workout!!
Tiring but rewarding
MILESTONE :D

Next week do some muscle ups","Progressive overload helped me recover from mini soccer energy. 
Reached my record for workout in a week with serious workouts and progress.
Need to measure heart rate with garmin but thats coming soon so otherwise all good. simplifying workout sheet helped.
nothing to object keep going the same awy
Felt stronger even though weight didnt change
Consider gym next?","Po is great but also draining 
I need to focus on volume not those killer reps so I can be more consistent with training

Using the wrist wraps was a great idea","HRM for the win 

Strength without mass plan let's go

Gym going much more effective and serious also no need to fix stuff. logging is a bit annoying but well worth it.

not doing cali circuits buy my HR is kin of kept at a high range so seems extra unnecessary i prefer to do progresive overload","progressive paying off, added a few niche exercises that I need for an overall good body. 

need to push through the 4 days , skipping hurts us","Glutes improvement in exercise effectiveness. 

Squats better form no back involved. 

bench notch up was very smart","workout was good, not sure why HRV is down though

progressive overload is still going on . 

the extra 100 calories was helpful and somehwat necessary","reducing dopamine not easy, impact on P
deload went well but hrv increase not significant","I did workout only 3 days but the workouts were strong I was able to do new PR's. 
I moved from volume to strength gains and still do reasonable volume. 
I want to continue down this path because I feel like im accumulating strength that way. 

I did workout on a Friday instead of Thursday given Greg and it felt good","3 workouts coz i didnt get good sleep 1 day. 
1 workout on friday agin.

Good progress new move also. 
Strength was decent the food uptake made up for hrv being low and heart rate a bit high.","3 workouts seems the sweet spot for now, can kick up back to 4 when i feel like it. 

90lbs pull up big milestone and new training move for front lever also good","took it easy but walked instead to not be 0 active. 

want to be fresh for trip. maybe next time i can do 30% load instead of skip completely but i was very busy in fairness","Couldnt handstand in the river sadly , humbling but true, need a better form of hs","Doing good . push up test was able to do 45in a row. 
Sunday Monday - Wednesday - Friday is working well too

Taping for soccer is a must. healing well too

HS needs improvements but thigns ae good overall

2 leg days 2 uper days + socceer is too much stick to 4 days workout including soccer its better for now","OK lets start. More PRs. Push / Pull and some legs.

did my 3 workouts and my soccer as planned. 

HS a bit better muscling my way through it. KEep enjoying the workouts and repeating lets go dont overthink just do what ur doing its working","Leg day was very solid this week

upper body adys were good too feeling stronger in same movements even when not fully ready

love the strength level im at , gotta keep it up","Solid foundation for strength increase. results paying off. 80% of reults from 20% of the mega hard lifts. 

diet tweak and optimize for strength. 

a bit increase in HS practice , 

starting to see tiny fL raise carry through easier time raising maybe almost a ssec of hold","leg day was decent

chest day was bad but i still pushed through with lower weight more reps 

soccer sucked coz i didnt sleep the night b4

overall still okay just missed one good workout","3 days because im not sure if we doing soccer ...

However the strength was there TBH. 

I think the little weight increase made up for HRV dip

Overall was able to do lots of muscle ups in parc with no problem","soccer + 2 solid workouts + some walking 

strength wasw there bbut need 4 workouts which is the aim next week","4 times done. 
1 cardio 1 leg 2 upper 

solid and powerful 
HS getting better
levers stable","9h solid
need to add squatting . upper body is super good need to squat instead of cardio on sunday . 

maybe squat and glute and some hamstring simple day","strong 4 days with nice leg days

definetly feel like progress is coming along fast on the leg quads that were overlook

exciting times, lets keep it up","strong 4 days leg improvement

things are stacking up keep tryhing variations to force strength gains
one arm assisted pulls
one arm push uips
flag attemps
pistol 
one arm things to boost power","i did 3 days of workout coz i was taxed

i skipped one upper body dayu probably never done that b4 lol","STRONG leg days seeing improvement. 
4days a week I feel like a beast no other way tro put it. it might be a bit taxing but its very rewarding

lever with bands s gonna pay off i should do more of that

1 home workout counted well","exercise was good, i swam one day when i was tired to make up

overall also lever with band been really nice 

win department",did 3 days even though i was very very busy mnentally ,"2 days 1 mega strong 1 good. and 1 1000 calories bike ride around the city .,

not very balanced but going strong and rested well too\","1 bike 1 soccer 
1 leg day 
1 upper body day","1 soccer 
 1 basket
1upper 
1 legs

fun time","2 workouts since back from vacation sore as hell 

not a huge strengh difference

but glutes certainlyu weaker","1 swim 

1/2 workout full body calisthenics

1 upper body day

HRV not the same sick + back from travel.","3 workouts solid

progressive overload. plan

not using earphones in the gym is a big win"
Nutrition / Food,"having a plan
eating healthy and reducing processed meats
not eating crap
not tracking macros",buying unhealthy snakcs in big amounts,"I need to adjust my bean plan its making me guzy all week

Apple cider vinegar spoon before beans","Fart reduction ACV helps and feeling good about 1kg / week adjusted portion.

Changed eating to feel good eating, no matter healthy or unhealthy. Will keep this up.",3,"Fart reduction coz of travelling. important to have fixed meals and not eat randomly. 

Big meals and light snacking works best for me for energy and seems to make me healther skin and boody. Sugar after meal only.","Cold cuts are out congratulations. 

Chocolate is a bit in, but sticking to european treats is a good idea for palm oil. 

The uber eats have been somewhat clean.

The new approach is not to have unhealthy stuff home. (so no coldcuts no processed milion ingredients ice cream, no american bad treats) . Protein is important but never compromise on quality . 

could use more shakes since they are good an d natural

Need to reduce bean/lentil mix. go more lentils less beans to get still full but not feel so carbed up and farty.vinegar before starting important too

Get dollarama oil dispenser for ACV

Find reasons for inconssitent portions and fix 

157lbs pooped 10:07 am on sep 13","STOP FRIED FOODS < acid refulux

No fried shit no acid reflux. 

Less snacking between meals for insulin resistance.

Eat simpler foods, feel better and more energetic.

Still go easy on Daiiry.

A bit eating random in vacation but lebanese food is a must","Fasting helping a lot in vacation. 

Eating big meals but good ass food","still on vacation / out eating 

some meals back to normal but need more

Oats are feeling heavy maybe i need a replacement

Buckwheat

switch bread to RYe","Remove rice, oats, pita

Introduce wildrice, buckwheat, Rye

do not count macros just do good meals. protein is overrated . 120g is enough which means keep doing what im doing","I need 85g protein https://www.youtube.com/watch?v=j1bx0GMofYw&t=657s

I am getting that. 

Pita removal is great !

Burdock root is a + 

My fitness pal is helping stay on track its a bit annoying but rather be on track and annoyed than not..","Body fat reducing

Starting to see a big of hunger cravings. veggies have to be big and cannot / will not go below 2000 per day

missing pizza a bit","Under control and review again

cheat meal was good for me but i felt bad 

i have no huge cravings i like the diet","1 cheat day is perfect
low carbs has been good","1 cheat day is going well

no signs of bad food or too low energy

HOWEVER fasting is done and I need to eat a preworkout coz my workouts have been weaker

so I decided to eat 1 bread + almond butter + honey as preworkout","preparation is key

grocery store saves the day when need emergency calories

cheat meal working well","Need more Vitamin A
1 carrot a day","Good week of food. 
1 poulet rouge but still was a fine week. 
Carrrots helped.
Seemed to have reached a plateau for weight which is good ","Diet going well. 
Having not enough food thursday so had Mr sub and metro salad. It was kind of healthy but we prefer to have food home will ask lita for more groceries.","was able to eat christmas food without impacting bttom line even a lot of chocolate 
but I need to make my whole foods a bit richer to get more strength from food, but I feel happy with things. shrds are good and food is fun. hard to not be excited on cheat day","good food even though I did 1 poulet rouge. miss my chickpeas. 

",what a great idea to do homemade subs . go a bit eaiser on chickpeas keep them for all the benefits but reduce the portiion sizes to enjoy food more,"chickpeas reduction was good

some homemade subs and mr sub was also fun 

maybe a bit less healthy but was good

","2100 is too low even with cheat meals, bumping to 2300","I also think 2300 calories was much better. still at 67.6 so under 68kg is totally ok even with an extra cheat meal(not day)

2300 is sweet spot , monitor for next week given it will be more normal and see how things go ","not getting enough calcium and Vitamin A
","got enough vitamin A , 1 baby carrot is the trick. 
need to get more calcium 
iron tad bit low

Fortified orange Juice with calcium to consider","calcium carbonate for the win 
carrots for vita a
seeds for vitamin e
kale or brussel for vitamin k 

cronometer subscription for the improved tracking","vitamin k2is missing ! 

did well in costa did not gain weight

tums = calcium ...","slacked a bit during travel but improved on vitamins minerals

still tweaking grocery list to affect best results

need a bit increase of omegas and vita E otheweise solid stats

New grocery list metro

New takeout only allowed list","everything is good except Vita A.

we gonna get baby carrots and fix it. 

Energy nice from food and strong performance. but moving to 3.8 on soccer days to not gain coz this seems perfect place.


maybe need to redduce eating out a bit on Thursday ","no big loopwholes.

improvemnts in lots of things, including Vita A etc","omega 3 increase

through bell peper got more vitamin a

try not to skip the Kale. 

overall really solid.

late night fats not bad at all","good nutrition 

skipped the kale a bit again 

less hunger overall coz low steps
","overfed no logging (2w now)

feels good but impact on weight 


monitor another week","nutrition was good, even though i ate out once or twice i had fasted before.

its good to not log and im not going to gain significant weight if i stick to same stuff. 

made sure i had kale

im now responsible for groceries so cna be a good thing for that","nutriition good with me buying groceries

STOP FCF plz even once feelsbad
bulk barn mini treats once a week max
mad stacker feels good but keep to once a month 

otherwise doing well stable weightso good so far",doing good weight under control,"under control
good nutrition 
owning grocreries helps","a bit extra weight gained but could be water retention.
fueling the beast we call it 

if i t keeps up next week back to logging","doing well stable weight. ,

let s keep it at 70kg its a good balance

leg days are feeling really good and enjoyable
also tried some new moves and did not do bad

lets go back to 4x and all good","eating openly . not too much bad stuff and go big on the good stuff


",a kilogram added though i can tell its cortisol i can feeel water retention,good stuff a bit overate,"relatively ate very clean 

just need to have something other than cornflakes when i want to snack on the side . that milk is not good.

i need maybe a 0% milk with flakes, worth a shot for acne? or a new milk",stable eating no real change,"stable eating no real change


A BIT too much bread",vacation not too much impact when coming back to normal,"i think i ate a bit too much but definetly healthy food. 

the quantity of oats might have led to some extra weight coz no big workouts

sticking to eating out 1 day is very good 

I need to start increasing my fast window to lower my overALl blood sugar and benefit more. 

My workouts need to be after the new daily anwyay

2 to 10pm can be a good one","a bit too much farting and overeating but working on stoopping food 4h before bed and it has worked reallyh well for sleep 

i sleep better and less"
Stretching,"keep it at 5x / week
one day wednesday has been good",sitting too long,"reintroduce walks. daily was too much but what about a lighter cadence. 

Wednesday, Friday, Saturday, Sunday let's give it a shot. Wed is now a cleaning day.","Slacking on walks it is damn too hot, but still walking all weekend. Wed walks not working",2,"Sitting less, but sun can be an issue. 

Got umbrella for sun and overall gear to walk easier (belt banana)","Got a book on that learned one or two new poses. 

Gotta continue reading and getting better at this !","Stopped the book on vacation. 

Reduced stretching , didnt stop but feeling tighter, will need a session soon. ","stretching when working out, not any other time",stretching while working out . quite good stretching techniques but still gotta do more frequently,do it everytime i workout for now and potentially when resting relaxing. ,"doing good , maybe need to find a way to stretch more on off days",doing good. kind of healed ankle through stretch strengthening,Not enough need post soccer and for faster recovery given calories are low,doing well can do more,doing well can do more,1 more day of workout means this gets fixed,the added workout / stretch was good,doing good except long hours of gaming can backfire but walking and mini stretch reverses that. need to find a way to walk more in winter,"Not good , I felt tight most of the week. Sat more for diablo4 . Also that one less day of gym meant one less day of stretch so that was not good",good stretching a bit deeper in gym. only Friday I felt tight but I had to do my 6h tax so its fine,miss a workout day miss a stretch but overal the gym itself made stretching better when there is an audience,good stretching nothing feels itght except right outer hip,yeah pretty good oveall days off always a bit tighter but will live ,going well there no tightness no huge progresseither,a bit looser and stretchy when worked out on Friday,ok a bit tight need to stretch a bit longer per session. 10 mins and 4 times minium,"good 10min on gym days, but that 4th day i skip gym means i dont stretch and thatts bad",stiff neck recently noticed need to get the chair neck thing when gaming from storage,0,yeah went well,10mins alwyas maybe need to add that after soccer too to maximize its gains,"yeah a bit of improvement. dont just stretch once, stretch and stretch more. when soccer is over maybve a full new stretch day will be good for me",status quo but doing good stretching after the gym,not great felt way more tight than usual coz of the week,"decent but hips a bit tight

need to move a bit more on Mon-Wed

hopefully weather allows soon","not good this week i was tight 

soccer and hard leg day. 

also neck was tight prolonged sitting. 

not a good week. had to emergen cy foam roll","Tight on leg day, but otherwise good. Need to do leg days slower. 
doing well overall",ok a bit too much sitting but didnt have vchoice this week ,"trying to do 8 mins so total of 
32mins per week

thast not bad 

as long as not sitting crazy seems gd","it was good i would say overall.

didnt game for super long hours helped too","good overall
1 less day of stretching not gr8

left wrist a bit tired","good stretching on weekdays alomst up to 40mins now keep it up

hamstrings feel a bi tlonger",really tight coz i skippedf stretching one time because i checkd my phone,pretty good but i missed one dya. the new chair helping though,"be more careful at gym with new things especially when not body weight. 

did 1 stretching session at home whicih helped a bit","a bit less than usual which is not good i felt tighter in my legs in general 

the chair is helping a ton",not great i dont stretch when i train outside  so halfing my stretchtime,10min post workout i skey,no workout no stretch. luckily i dont sit as much these days compared to peak sitting so less tight,good stretching post workout
Meditation,"tracking and measuring
understanding the impact it has on me
stress levels are going down with it
find my own sitting / healing way 
no time constraint","doing it mechanically to check the box
not focusing on clearing thought
going into it when I have something to do","do it whenever I have cleared my to do list
can be right before idle time. 

Do it right before idle time",Completely stopped. No reason why. lost the habit,1,"Still not resumed., best timing was late afternoon for this habit so lets try that again",Not done. lets try couting 30 deep breaths to have a way to get back into that habit?,Regression,Regression,N/A,Printing logbook otherwise wont remember,No progress,No progress,No progress. i dont feel like i care about it but is friking important. maybe i need to start it before sleep ?,moved to biomarkers,,,,,,,,,,,,,,,,,,,,,,,,,,,,,,,,,,,,
Reading,"discipline and consistency
volume of reading has increased for the best
read and not audio book","physical books are slowing me down, stick to kindle
not paying for books - bad vibes - dont need them",For physical books I can use some gloves since it bothers me temporarily until im done with them,"Completely stopped. No reason why. mostly time is precious in summer. 

lets try to pick this one back up its so important.",1,Downloaded new book on kindle. will attempt to read pre bed time.,Happiness book and meditation book a bit here and a bit there. Progress and knowledge has paid off.,"Happiness book has been interesting to read , understand and digest. Even though I read less frequently the habit and interest are still genuinely there",not reading this week,a bit of slack,gotta go to bed at 11 am sharp to sleep well,"Red twice this week, meh but progress",No progress,one time this week acceptable,moved to biomarkers,,,,,,,,,,,,,,,,,,,,,,,,,,,,,,,,,,,,
Relationship,"aligning on the vision even when it hurts to say the truth 
reevaluate stuff every 2years","not seeing vulnerability as weakness
disregarding partner / not caring","Find excitment about getting married, set money aside for a ring","Money set aside, dimensions calculated, ring chosen. Set a date for puchase is next.",3,"Date set for purchase, contact acquired in Firas Gholem. Range of price under 3k after tax as anticipated. Will need to buy size 6 and readjust for best warranty. 

Awaiting planning the Feb plan so I can do it then. 

No overthinking just do it mid trip and try to ask hotel or resort staff for help organizing something","Waiting to book trip after Leb trip

Plan still intact","Plan still intact - Feb 23 whereever we are 

Feb 6 call Fadi and book appointment

Early 2026 next trip!","ask permission from S dad in Oct 12. 

He gives ok hopefully so get ring in week of Oct 14. 

when ring is finalized decision reserve CN tower dinnner

sevenrooms.com/reservations/360Restaurant?_gl=1*2ac0t7*_gcl_au*NzM1NzEyMzI5LjE3NTk0Nzc1MzE.*_ga*MTU0Njk0ODk3NS4xNzU5NDc3NTMx*_ga_B77ELRE9WC*czE3NTk0OTExOTQkbzIkZzEkdDE3NTk0OTEyOTIkajU4JGwwJGgw


Strong plan ","doing good, on track for asking question tomorrow","question pass, ring pass, waiting courrier then book cn and prep speech",plan ready for 360,going down today - good luck,"engaged! things are good connection is strong. definetly an upgrade. started talking about big topics too

gotta reffresh prenup talk


Need to draft prenup 

Each partner must get ILA advice before signing it. with proof of doing so

If your prenup says all future assets remain separate,",doing well can do more,going good,"ring again , planning trip

spend enough time afte rgames",good bond debating kids,"need to spend more time with Naz.
need to reduce aggression when mini irrirated
need to complain less",good discussions and quality time,"things going well puzzle and games are fun
organizing and improving some things","doing good better comms . 
Agreement to skip wedding for now",good,doign well naz suffering about revolution but all gd,ok a bit too busy with my things,doing good aligned on life plan and goals,not doing very well bad advice and lack of compassion,better week both busy as hell,good. going to trip together,"good fun alignment on trip , missing some intimacy but better alignment",going well agreeing and happy vibes,"intimatcy needed 
doubts at times othertimes convinced. 
i am not perfect and sometimes i judge by unrealistic standards
I need to just go all ni ","pros/cons list needs drafting.
having some doubts but this list helped reduce themm a lot

moved the list to litaretro","list establishing was good
suggested a storng mortgage plan","fought harrd but reached good conclusions.

just time to fight was terrible and I picked that but at least I voiced some deep frustration hope we see signs of hope","seem in a good place for now 

mini doubts about everything but accepting that this is life and trying to be content with what i have in all areas home / relationship / job","intimacy significant improvement
laisser passer mentality paying dividencds
listen better makes it bettter","doing good 
partner a bit too insecure these days which is not gr8 but good comms",doing good,gd,good + ,"aggrement on room time went well
relatively a good comms week

waking up situyation informed and Acked (scratching and noise)",good no more work resentment,rly good helping through tough times,in a good place . looking back those 10years i have grown a better not worse person,good soon trip . wedding talk and i started a plan. not eager to do it but moving forwardd,good,tiny better but needs more care,"no more bad energy, eye opening idea. 

working on it with Naz. 

good vibes

",going much better. im sure no porn has helped a lot,"doing good, some disagreements very minor 

aligned overall 
better energy volume"
Work Career @ VT?,"adapting to changes
pushing visibility to mobile importance
networking ","being overly flexible with partners
trying to do 10things simulateously
stressing on principal vs manager vs status quo","Principaling  Producting at VT or Managing at VT is not something that excites me.
I love my current job as it trains me for side hustles. 
I dont see myself in another place right now, I love our mission and the people. My life is better as I work there.

I need to find ways to challenge myself ouside of work. 
I have to accept that I won't get promoted because I dont want that.
I will work on what it takes to be a principal, its my natural evolution and it will force me to challenge myself.","Good career north star, got 4% raise and 3/4 score. 

Continue to aim for principal to get good challenges.",3,"Vacation was good. 

Built a trustworthy team, tested in vacation

Aiming to hire 1 more engineer if not still coach Rafael well. 

Aim for principal.  Stay connected with tech trends. Keep an eye out on linked in for contingency post back to school.","VT is not doing great and BTS is everything. 

Will the new product line be enough to compete?

Personally I propsoed the LAP remake and Chuck approved it spiritually. My first interaction with the CEO, indirect but it happened !

Keep staying positive through those somewhat burnout times. 

Prep for vacation and finish strong before leaving.","Burnout prevented through vacation. Dont want to work all my life it seems.

Still want to push hard when I get back. 

Need to learn how to set deadlines for engineers and delegate hard so they can grow. 

Tactical vacation for them to see they need me in progress","keeping a far eye on things , they are well","keeping a far eye on things , they are well","in control , delegation is key to no burnout","skipped opp to work at night, focusing on delivering mobile value not into burnout practices

A bit worried about whats next wiating for next alll hands updates","nerdy results in 1 week . 

price below 1$ vibes are unknown but not seem good

improving AI understanding which model to pick","shopped around. feeling decent aboiut everything my salaary is still good so i dont ssee a reason to move. 

let s see how the mobile redesign goes",stressfull lately but with a shift of perspective to day and day we can achieve anything. lets make the stock price higher is all i care about,"do my best and fuck the rest is my new motto. 

if its a house of cards let it crash if not lets benefit either way worrying is for noobs",do my best keep eye out,do my best dont burn myself out,with new vp some hope of progress.,"tweaked perception to focus on dream outcome instead of career growth ? for the time being.
career growth will be reassesed in jan 2026 as I see if we get a new employee or not and how Abhay leads us",time off for now not thinking,"new year lets see we're building a new app, got a new iPad out of it","not challenging nor stimulating, but keeping eye on everything",app ack'ed by JP and Chuck . 3rd on leaderboards made it know to Abhay. Abhay kind of sucks but its working well our collab results wise lets keep seeing,"making sure the new app is ok but not much effort put in outside of that, i did work a bit on weekends though ",putting effort and ggetting recognition on th e new app . pushed a bit harder given exise. unplugged all future logs from nerdy.,reduced the gas but we are giving nerdy app to stkaeholders lets see what they say,jp abhay seem to be appreciating the work. the company is falling apart but imthere and keeping a strong record ,"is there going to be merit increase? kind of hoping so, or even btsp? it seems not
wbr + priorities nice new process. kind of still learning things but a bit less contributing? still strong image though and strong organization",is Nerdy suddenly doing ok or is this some sort of Placebo . either way im here to push more,stressd myself thinking of leaving nerdy for now just huddle down and focus on nerdy apps,"student v3 is out and working on tutors even shared a plan with Abhay about principal roadmap. 

Feeling good about the company eevn though the stock is shit 0.82","tutor v3 in the works
WISPR
making it know i want to be principal
AI day take on 

doing it all and surpassing chuck in AI usage","intent for principal 
working on the AI day excited for it
invited to BTSP 
offered sick computer
things moving in right direction with more beasts leaving ill have more opportunity (Cael Nick) 
keep thinking scale not small stuff
good growth exercise","presentation + active in allpresenters meeet
pushed hard this week and learned a lot of new stuff
def made moves in the right direction 
next week PR week","well im directly now in touch with execs and so my poisitionis more important 

i was trusted with top equipment, im a top performer by all means of measurement. 

I need to keep up my hustle and equip us with the best product for BTS","a hard week reporting direct to leadership and some mixed feedback 

however im being very resilient inn the face of everythihng and owning my shit.

now less pressure talking to chuck and co

its def a good place to be in high trust, high impact and hopefullly i get a good perf review from Abhay, its the season","direct report to chucks
making big moves with V3 and stuff
killing legacy 
im making everythihng better for us just takes time and there are hard things and mistakes alkong the way","abhay is shit no matter how its put
doing the best i can day by day 
not reporting to chuck anymore it was toxic

worrying about the apps and dogfooding the rest fuck it","do my best but realize im dealing with a shitty boss. 
apply  to other places 
updatre my cv and portfolio and recognize my strength 

at the same time 12.5% increase in mobile usage is a testament to my success at Nerrdy

Nick is out so as promised I applied to 2 places ","loved my job it was fun and productive.

worked with stakeholders.
no abhay made everything better","he said i got 8/9 Abhay , not official yet but still good
company is kind of sinking however. 
expecting potential raise soon nonetheless

i know the company will not 3x or 5x growth thats just a fact, if i stay things will be stable. not risk but no big reward. lets study the market. 

lets do my best for Jane see Raj and get a feel for who he is","calmer days 
do what im told 

presentatiosn earned me respect

no rush to leave but companY seems sinking nonethelesss","stable.

understood value add of working there money wise

interview made it to round 3 with JAneAI

stressfull but growthfull

neeeed to relax more","2 more interviews with Jane AI

DEEP THINKING INTO if I want to stay at Nerdy and it dosent look like it. I am looking for another option with Jane and I feel good about it. 

Reaons for leaving : career no growth, not focused on metrics, no strategy, questionable leadership","interviews finally over. 

not sure what my plan is. 

2nd best paid canadian at VT is good news

lets see if i get ann offer","coasting the paycheck 

improving architecture decisions to be a better staff engineer

chaging my perspective from find growth to find stability","what a joke nerdy is , even if i try more nobody is there to care. 

if i do nothing or give it 100 no difference

the onlky way i grow is through  executing on ideas fast not corporate world",a joke but the income is helping me get to fire which is my life goal so for now i do the best i can and persevere,"webview all out student v3 causing job uncertainty.

when i come back from lebanon i will interview again I think?

im still showing my value at dailies and people trust me but there is no denying the impact of the webview.

tutor only now.","its much better than b4

established myself as a contributor / expert in field

talking with Chuck direct

less reproting to assface

generally improvement but no idea about long term"
Enterpreneurship,"working with Greg on Botw
thinking of the next venture
thinking of TDG as my dream career with profitable compelling projects","fomo over not making enough cash 
fomo over not partnering with new people","Working with Greg is amazing, but i am capped at the 20% after vesting.

Start a new app with Greg to innovate, get outside of comfort zone and be in a new 50-50 landscape. something that helps the community too.


If Greg is not onboard, go for it alone!!!!!!      Re-evaluate in a few months, right now Greg is presenting new dividends and 3 revenue boosting features.","Working well with Greg, dividend soon hopefully. 

Chromify in the works behind the scenes.",3,"Chromify paused. 

Big experiment with Greg brewing up next. ","Experiment with Greg doubled revenue. 

More equity vesting. 
Wasted some time with boardsi scam.

Dialed down a bit on need to have more for now , letting Greg guide the efforts. I love my free time","Dividend soon.. equity vesting..

Still active even on vacation. 

Not exploring other revenue paths for now",happpy working on TDG chillingly,happpy working on TDG chillingly,all good for now mini goals for botw helps ,"no change, not better. trying to reduce pressure by doing things a day early but hard to be consistent with it",no progress,"no progress, working hard on sprint",day by day and disconnect otherway,potential dividend growth with new conversion page,normal buisness no div growth,normal not pushing myself,working a bit harder lately but good for my work ethic and hopefully will help us long term,"Greg showing promise , wants to hire me full time and respecting me more as a hard worker. Will keep investing in that partnership for the time being and not worry about other stuff. Anything I can do to make it more fluid should be done ","last year we made 5k lets call it, this year we want to am for 6k.

applied to Toptal got waitlisted. maybe i should do upwork profile next?","excited for a new year of gains with Greg seeing a lot of small optimizations, last year of vesting all the equity too","exciting results and ideas, meeting Greg live soon. 

Pitched to soccer team got no reply but was worth it.","half of the 2025 in one dividend, let s see if we can keep this up

need to start thinkig of other work ideas especially sinec i have more time and no kids in sight.","good job, now starting to produce things and need to refine the vision for whats next","vision refined, backlog created, site up, goals set, time to increase time of work and move this to plan A as it should be. 

get rich or die trying kind of deal","still have a plan but not at the cost of mental health . keep pushing, more than one hour per day but not every minute of free time","pushed hard and 5on is in review!
big milestone for hopefully a new revenue stream","hard ads next week. 
5on is out!
talked to cronometer - putting myself out there
meeting with Andre for dentist stuff - putting myself out there again

continue to think outside confines of past experiments of ideas i already have had.
focus on value outside of myself","Paused on BOTW , greg is marketing more","trying onlylabs product. 
working with Greg on stuff.

",low wokr recently,"not a great time, the marketing company fired us

need to reconsider long term","keep pushing greg for new product

things are moving very slow for now, but dividend incoming soon","dividend came in a bit low but the next one should be better.
pushing greg to try new processes and myself
trying to work less and get the same outcome 
should experiment with software factory pattern offline on my own thing try itout","Greg has been tiring lately a bit

Outside of that Linear has worked super well for this sprint so far","Greg sent me mac mini

We tried claude design it went mixed ways 

He was a bit too frustrated and emotional but im starting to develop a barrier to that. let him be like that ill just observe and do my job

mac mini investments should free up some of my perfromance issues","Claude was the way to go 
Claude MAx making everything easier

it was a relatively much easier week and things were isolated.

i went in 2-3 times as needed to fix stuff.

solid ROI this week ","greg says we doing well 
and there was not much work 
so pretty good week","release just went out, Greg says we are doing good, hopefully june dividend will be nice (potentially the best yet)",low work Greg in Disney but all good,"Greg work picking up big release upcoming 
treasurer mode also big and coming
waiting for dividend end of June to assess it should be in theory the best yet based on what i've been hearing from Greg, so lets see if thats the truth","we are doing good but im putting in so much work and the money is not even 10k per year, not even one salary, so that s a bit hard to justify",having fun with piggy and greg stuff under control,chance BOTW will get mentioned on NY times. Damn would be the biggest achievement of my side hustle vibe\,status quo with some work,"well well

Piggy is out in prod on iOS. every second i think of it and improve
Im waiting for the ads account to be approved.

more is coming. 
im excited to invest in myself its damn right time",ads out to prod so far 7$ spent with no installs,"paused a bit since vacation. 

good things with Greg but again a flat story. 

must retry piggy ad s but not feeling it right now not sure why . afraid to fail? not really more like distarcted since i came back","Greg going a bit slow but there

pausing Piggy ads until I can figure out my tech reference dream how it can manifest.

I want ppl to use Piggy but not have to pay for that.","finished a couple of cost saving initiatives

and now looking to next steps

Frugal poiggy still growing but not actively monetizing "
Skills development,thinking im good enough where i am ,considering stuff i wont do,"Have not been uncomfortable in a while, I need to find something new to learn that is going to be useful

Find something new to learn, stress free and can be used to fill idle time","Did not find anything new to learn but it seems necessary maybe something trivia on the go can be a nice thing. 

like some sort of general information podcast or audible thingy?

Trying an amazon podcast about history ",1,"Tried podcasts did not stick to it. 

No idea what is worth it for next learning

I've been learning more about dota to imrpove my gaming which is good cognition challenges but I am sure there is something more formative to learn. Keep exploring","reading yoga, reading happiness, home DIY knowledge. it was a good learning month. even aoe4 a new game and finding a way to reach the CEO through a solid pitch !

More skills coming","pause on purpose to disconnect and relax more, next round need to revive","pause on purpose to disconnect and relax more, next round need to revive",electromagnetic skills learned by refactoring with Dad might be worth pursuing,been very busy with work and life no down time,"definetly learned some DIY stuff and multimeter tricks

learned some skills","learning about some new tools, and bettering AI usage","good youtube videos can hellp learning about exercise and financial enviornments and anticipating issues

enjoying handyman knowledge for sure",nothing new,"nothing new but feeling a bit lesss knowledgable? i mean i need to learn new stuff


I could use a new challenge let s think what it can be .....","youtube stuff for dota

cursor plan mode and other tricks with MCP",nothing new,small new ai skills nothing waw,Nothing net new but learning the d4 build forced me to think hard and in general doing some devops was fun,I think youtube is giving me a chance to learn more new stuff.,need to go back to reading and metidation badly its been paused hard.,"back to reading, thinking how to improve gaming when losing forcing some skills, but could use more",nothing specifically new,OBS + green room + MIC + vercel + Next JS + AI robots. so much new stuff this week. TDG growth is the way to expose myself to those. growing passive assets will force me to learn so lets goooo,"I realized that the only way to develop skills is through my milion people reaching business. 
TDG is the way to do that. Im doing more and more of that. 
Vercel multiple projects. DNS configs. 

Keep pushing for growth","EC2 instances, load balancer, ABL, scale groups monitoring and more . 

TDG is the key to learning . 
UVM and more","new ec2 instance launched. new aws tricks
probably the coolest backend thing ive done in my career seeing it work","wbr + priorities
more and more about nutrition and vitamins
how important blood tests are 
some zero hour fun stuff lol",nothing new,"nothing notable, just getting better at manage more stuff","dumbek learning
walking more ","dumbek new notes and continued learning. 

will book with OMAR when ready","Dumbek continue improvement

OpenClaw/ Hermes

UTM machine spawning (linux

Keeping on learnings","Trying to learn T T2 k K2 in dumbek

LiveKit + Software factory + research & spec loop + Linear + discord Openclaw plugin + test runners on github + deeper keychain understanding + kelly products","Mastery of current AI skills

all good in the hood","Claude design 

direct comming with leadership

accept not knowing the way but commit to dfinding it","loom

posthog ai ",crossover with Rafa,nothing to note,"some maestro
 some genymotion
gitkraken and other git softwares",improving coms a bit and being calm in face of challenge but nothing really tangible,"wispr tricks
chrome beta
bell fibe works and oprogrammign","new wyas for AI to review itself. 
prove my full AI pipeline with the app test that i technically did in 3.5h","understnad intricacies of audio SDKs on Android/iOS. 

force myself to think about myu career objectively and risks of staying vs leaving. ","affirmations worked pre intreview

knowing how to overprepare for interviews","Meta ads and creatives
some iMovie skills","meta ads not so easy 
but made easier with Claude

youtube frugal tips 
youtube better onboarding
youtuve ads",learned some things mythocoindria etc,diary of a ceo just learning how some people lived their lives and staying current with stuff but no real skill per se,nothing i can think of
Leasure / Trips ,"being connected
visiting once a year
regularly booking",worrying about budget for it,Continue 3 trips per year. work partner and family,Vacation and cottages have been awesome more of that.,3,"vacation in Italy was amazing. up next is Lebanon. setting up for success. 

healthy habits while travelling essential (hydrate, moisturize, stretch and move briskly when possible)

3 per year still the plan : 1 work , 2 family ","Looking forward to my Leb trip. 

Excited and happy!

Need the disconnection and carefreeness","Leb trip 8 days in has been a big must. 

Feeling like my mom/sis/dad are all capable of taking care of themselves so they dont need me anymore. 

Not worried about seeing mom 4 plan tier: 
- Meet in Switzerland ( we in hotel ) 
- Meet in Leb ( we be in hotel or I come home) every 2 years for 2 weeks
- Not seeing each other for 1 year
- Mom comes to stay in the guest room for 10days 
- Mom comes to downtown Toronto for 2weeks

Disconnected from VT for sure, also improving potential asset in Leb has been fun",Leb trip has been A+ so far not one day bored,"Leb trip has been A+ so far not one day bored. 

Will go to Leb again maybe through middle east next time, but every 2 years","will be going back to Leb in 2027 Sep - Oct for 15days. 


get SMS, no roaming charge
WIFI CALLING ON 
DATA ROAMING OFF
AIRPLANE MODE ON
THEN TURN ON LINE

Put ethernet on another phone the pixel","post 360 post work updates will revisit this topic. otherwise ready to book for Lebanon. will talk to manager this Monday

2081$ with luftansa","decided 1 leb trip work approved !

1 euro trip 2 weeks

1 w in costa rica or cuba",booking in early December both costa and Lebanon,3trips planned next year,"3 trips planned
Maybe 1 work ?","costa rica booking toomorrow

Sep 10 -> Oct 2 is 1632 to LEB  (can save 200$ to stay 4 more hours in farnkfurt but fuck it)
Thu, Sep 17 -> Oct 9 is 1212 with egyptair

TURkish for the win 1476 and one big flight then 2h","costa rica booked

need to book leb soon !
talk to mom first ","costa booked
leb booked",enough is booked for now ,excited for Leb,"booked costa, leb and monty for B wedding.
1 booking to go for Europe feeling gd about how much i spent",booked up,[][][][][][][][][][][][][][][][][][][][][][][][][][][][][][][][][][][][][][][][][][][][][][][][][][][][][][][][][][][][][][][][][][][][][][][][][][][][][][] booked,costa rica planning soon,gotta book the car for costa otherwise gd,costa rica soon,"costa rica preps & excitment , the trip is NEEDED",flying today have fun!,"it was fun, until the next one , now add dumbek",doumbek on the way . next trip is for europe,"next trip planned soon 
also want to rent a car soon",next trip soon lita planning gonna be fun in europe,Going to STL soon in 1 week,Booked europe and next week STL,in 3 months next trip for now chilling,nothing new for now,chilling for now,chilling for now,nothing to note,upcoming trip soon,upcoming trip soon,coming soon,coming soon,soon,soon,soon in 14 days,next week,soon to Lebanon,soon to Lebanon,soon to Leb
Biological Family,-,-,-,-,,"Split into a new retro item. Staying connected with Mom, Dad is good. 

Going to see sister in a month.","Good relationship with mom/dad refortified.

Sis going to see in Leb to gauge whats up","Relationship with family the best it can be. 

Will keep in touch with Dad through home work.
Mom weekly calls. 
Sis monthly msgs or so.","Take them as they are. 
do not try to unite. 
love in each their own way. 
dont try to change just accept and find best way to communicate",good cooms making me feel more confident about myself,good cooms making me feel more confident about myself,"relationship with sis and dad much better 

with mom still same very good",great progress and comms with all,continued progress and comms,continued progress and comms,"a bit weird with mom but whatever, the rest is good",gr8 comms,comms dropping a bit,decent comms,good comms was a bit busy but still kept in touch,good comms with all,drop in comms need to do better soon,extra comms this week. happy 4 dad new job,all good comms mom and dad are well. sis seems ok,cooms ok need to make it more routiney ,comms ok,good cooms wihth mom the rest low,good cooms a bit low outside mom,good cooms a bit low outside mom,good cooms a bit low outside mom,talked to dad and mom all good,doing ok there,doing well there will probbly call dad today,good comms with all 3,ok cooms busy week though ,mom had a min health scare but its all good,"mom good 
havent talked to Dad in a minute maybe today?",talked to all 3 was good,all good,a bit no connection feel like being alone,"need to check in with Dad
mom is ok but mnot so healthy lately",ok comms maybe check in dad tomorrow,all good,good,gr8 comms mom dad,good cooms,good cooms,good cooms,good comms but mom missing,ok comms,good cooms
Gaming,"having fun with various games
being casual about it","starting to game too early in idle time
stressing about losing games in cs2 when aatris fails","Focus on the fun part of the game, be competitive but fall in love with defeat","Good time, competition and balance, archon 4.",3,"Good time, competition and balance, legend 2. Progress and fun have been nice to have. 

getting better in one game is more rewarding then trying to be good at everything. expertise is nice. 

I miss RTS a bit like Empire earth but still overall good progress.","Legend 3 . Progress and fun 

Silver 3 aoe4. Learning new game was really  fun. 

Dota still mini  toxic but rewarding too!","Legend 2 or 1. 

trying new formula AAtris hard support so we control the game better. 

he plays hard wards I play adaptible with ally. 

Dota2 focus and potentially some diablo3? ","no gaming so far, good break","no gaming so far, good break",2 games dota + COD for now good new formula,"new formula

Dota2 
COD
RTS tempest

is really fun","new formula working well. 

max 2 games of dota is the best",dota2 just specific heroes is fun and rewwarding!,dota2 good,"having fun back to legend 2 , important that i wind down before sleep and not leave 1000 calories after gaming, maybe just a light eggs 300-400 calories so i get better sleep","frustration was detected
no more flaming others just mute them
max 4 games per day 
play other games too
no goal to go over legend, but not plannign to drop either","legend 3 learned from mistakes
some diablo4 time","legend 3 is a milestone
d4 new season is fun but i overdid it one day
need to walk while gaming that would be sick","dota2 decision to go ancient. pick from bigger pool but play smarter. own my role dont feed. be smart dont be a retard eminem style hehe.

diablo4 was really fun i owned the season with rift 75 done and I created a hard investment build it was a fun and rewarding experience.

I slept a bit late and waking up late too but its not impacting my life. so I should aim for 12 sleep but its not the end of the world. Freedom dream so chill and be happy","dota2 7 loss in a row back to legend 2 start.

kind of got annoyed/sad. but then reminded myself its not my dream so i dont care as mch 

still aiming for ancient

Change game when tilted even for 15mni","dota2 became toxic again so doing 1 game per night from now on.

d4 and generalz are back baby.","dota2 2games per night seems perfect right now

generals has been fun 

missing diablo4 will play tomorrow to prep for tower",fun times 2 dota games is the best ,going really well quick matches are superfun,"dota2 aatris is randomly aggressive with bad ideas. I play one game instead maybe and a couple of zero hours (2 games) .

I need more time for my business anyway so this has to reduce. 
start a bit later and finish a bit earlier.","2dota for aatris 
2-3zero hour for JRD

its a fun plan. dont get tilted at dota even if aatris does laugh at him. even if u lose who cares 

dont do 6hours gaming go for 4 or so ","reduced a bit, rotated roles in dota2  ,some zero hour fun.

better balnace less stress, less important vibes

","dota2 was ups and downs the usual
zero hour was all fun 

back to offlane and led a game like a boss. need more of those.",0,"new formula!
1doto
1generals
1csbots
1d4","1 doto seems to be best spot for now 
and diabloing 

aatris been busy so kind of off","on/off with aatris but its been better to work around my lifestyle. 

aatris not happy and his cousintaking 2 much space",Dota2 win framework reduced fighting and increase HRV over the long run expected,"less gaming had no space but new formula has been good 

framework to win calmed things down","2-3 dota for now

diablo4 patch soon

alll good in the hood","D4 MEGA FUN

DOta the usual

we good here sometimes keep aatris in check, butr its a bit like Greg situation humans are frustrated and I can guess why. They both work directly with their partners imagine how tough can that be. so if they scream or react let them be and reverb with Stooicness",D4 more than fun and a bit addictive,d4 only for relaxing,"d4
dota2 turbo

a great combo","d4
dota2 turbo

a great combo, but they mess up next season","a little ligher on gaming 
cs2
dota2 turbo 

but having fun ","cs2 is fun again with low sensitivity
poe2 probbaly one last time ",didnt game enough can have raised stress levels,good a bit abused POE2 temporary,"lowered a bit feeling better. 

aatris a bit annoying with pressure so just coasted off",doing good a bit reduced and mostly turbo games but feeling well,"turbo is fun 

d4 bad seaon","aatris is toxic and reven rude in dota2 

ignore his callouts except when he gets rude call him out for it 

play less dota","aatris stabilized 

callout was good

ti days we had fun",fun times gaming 
Sleep,"tracking / measuring
going to bed early often and not too late in weekends","drinking excessive amounts before bed
eating too late after gaming and digesting hard","I need to eat during my gaming session. in the middle of it, so that way I can not over eat too close to bedtime.","Godd sleep at home.

Sleeping rly bad if outside home .",2,"Good sleep at home. Sleeping okay on trips. Comfortable hotel bed is a must for any plan from now on. 

Sleep before 12 still important. waking up early also a big nice to have (after 7 before 8) . try not to slip into the before 9 cycle if possible.","Been sleeping well - even a lot ! Some days 9h. 

Sleeping long but sleep consistency varies a bit. 

Not having a schedule means I start the day behind but being overly organized counters this to some extent. 

Before 12 keystone. wake up before 9 should become the aim. 

73 AVG 4w score. ","Disrupting sleep cycle can affect me for 3-4 days


Go to bed before 12 key to good sleep. 
",Sleeping before 12 and waking up energetic,Sleep before 12 diligently and fuck the rest,Sleep before 12 and not have huge meal pre sleep,Good sleep mostly before 12 but not stressing about following it religiously,"good progress, before 12 weekdays. 

walking helps sleep better 

sedentary makes sleep harder",doing good,moved to biomarkers,,,,,,,,,,,,,,,,,,,,,,,,,,,,,,,,,,,,
Wellbeing / Stress,"complain reduction
index on its importance","adhd'ing hard 
over multitasking can be bad for mental health","im not ready to start a gratitude journal but i want to be more conscious about how I feel. 
when i feel bad i need to find solutions coz low stress is amazing.

continue identifying stressors and find new ways to reduce stress","reducing 'chores', 'agenda', 'planning' can be a good destressor. 

I should buy stuff to delegate chores like the robot vaccum I got !",3,"Made this category only stress related. 

Did not experience stress travelling in fact all time low reached 27 index for 7 days","35 average 4w score

managing stress better even though gaming . 

pirotizing decisions in life  that reduce stress like not overthinking kids and stuff. living day to day happy  . feeling good about my life. retros help feeel in control of things.",so much better in this department - 0 stress,no stress on vacation maybe 2 mins of BOTW stress when I was not able to compile my environment fine but solved it,no stress life except with Bell fuckup modem but minor,"hair stress a bit but reduced it by deciding on plan
no other stress but a bit concerned about food and acne so took steps for GI reduction","Significant stress reduction with this new lifestyle suprisingly could be effect of low calories 

33stress score for week is a record","28 stress.

no stress at all, low food lower energy lower stress.",a bit higher given engagment anxiety this week and soccer preps but doing well,moved to biomarkers,,,,,,,,,,,,,,,,,,,,,,,,,,,,,,,,,,,,
Automation,-,-,-,-,,"Automation helped a lot. Added Bell payments to it. 

Continue to automate everything I can. What else can I do ? (RBC credit card payments. ? ) [ WILL EXPLORE  - potentially saves big time ] 

Settle up and Frugal how to fix that?

Current credit score is 844.

Automatic transfer set for all 3  credit cards . no need to pay manuyally anymore.

Im not sure it worked well for TDG mastercard lets keep an eye on this one

Every 20th of the month , mortgage and maintenance fees 4240.08 will be sent from my savings accounts

AUTOMATED A TON OF RBC MANUAL STEPS!!!!!","banking automation setup and making my life WAY better. 

and has contributed to less stress :pointup:!

Settle up / Frugal still time consuming .

Settle up is not automatable but I can have lita pay for m ost restos / weekly purchases.
Also shopping etc. / uber. 

Retro item: 
Lita will pay and settle up in all restaurants/groceries/ubers/lalama when shes with me.

I settle up for  amazon/costco/big purchases like trips

Now Frugal piggy: because of settle up i need frugal i cnt rely on RBC only. 

Nothing left to automate in terms of spendings for now. 

Whats next that i can automate: 
","Watch out for mortgage automation transfer it created a conflict. 

So much time saved banking. 

Wont automate investing, its too specific.

Contine frugal piggy high level when on trips. 

hard to measure while on vacation ","auto credit cards were worrying me but its working

Frugal piggy can potentially become obsolete if i just spend through credit cards - in Canada?  but it will be a bit painful to track spendings through RBC so for now keeping things status quo",Frugal piggy planning improved expense tracking for faster tracking. the rest nothing to automate,frugal piggy faster logging !,"frugal needs some tweaks on the add expense page for faster logging , not seeing anything else to automate for the moment!

Oh the way to return from amazon just got simpler this will save time too!",no changes small optimizations by having new iPhone17. faster logging,"piggy fixes

phone speedups i17 is fast!","need a way to measure body fat it sslowing me down ""

need a way to log hair routine :

the daily agenda is slowing me down ? ","body fat trend is better than the rest, look on mirror for the result

put garmin on phone",all good,more oura gains from syncs,all good,"scripts with Greg made my life much easier (removing sudo etc). This is a big win and the auto email sending. 

Add a backlog element to put al apps in review with one button","Hair care routine in calendar. 
TDG tax return stuff.

progressive workout sheeets need ideation but for now doing it 4times a week","workout logging a bit improved but kind of slow still. 
retro itself could be faster and workout logging too but  lets keep an eye on this","tdg bookkeeping simplified. 

nothing to do money wise.
only workout logging is repetivie but its also reflective so keeping for now.",simplified calendar,"calendar is saving a bit of time. deload week made it easier for workout trackking friction

maybe consider adding a page of records inside the booklet","workout records kept in logbook for now , can carry over here every year or so. 

biomarkers in retro need optimization in collection. reducing categories to essential sstuff for now",seems okay for now,oura data collection sucks but otherwise doing good,"friction while onboarding cronometer, but seems to be saving time for long run . reducing ad barriers can improve automation, (settle up? not worth it) crono tracking (worth it), keep inspectin g for more",0,nothing new,nerdy parity updates,cursot parity commands,OPENCLAW baby,"omg automation hehe
a lot here for TDG for Nerdy and working on more things. 
this is the future.","well everything that i do in Nerdy is now somewhat automated minus hand picking things. 

that's really great and can allow us to focus on things that matter more","maybe i should consider auto crypto 400$ per month?

in terms of TDG work i automate most of the work and go in to startegically prompt now comp[ared to all cursor b4. ","i dont know what else is there to atutomate. lol

need to pay more attention when I do something repetitive ",not much left,"mostly on Nerdy side
","17 automations lol
improve screensharing to see if that can speed up (disalble screensaver)","screensaver fixed the issue
automation going strong and refined for work (will be a good transferable skill)
in terms of life i cnt think of somethjing else to automate. maybe frugal piggy?

added ttask to improve frugal piggy app:
1- I want to have a slider for the price next to the amount . split the amount text field by half so that price slider can go on the right of it (occcupy half the screen width) the slider also lets me input decimal value 2 digits
2- when i create a new expense try to guess it for me and prefill the data in grey giving me a button to potentially accept those changes
3- create a way for me to stup my fixed expenses in a new tab  which you can hardcode to those (Mortgage Principal	$23,250.12
Mortgage Payment	$23,250.12
Condo Fees (Maintenance)	$4,512.66
Property Tax (+3% estimate)	$1,770.00
Hydro (Utilities)	$492.00
Home Insurance	$229.50
Bell Internet	$372.90
Fizz Phone	$278.52
Oura (HRV, Sleep, OuraActivity)	$101.69
Costco Gold	$36.73
Amazon Prime	$111.87
GitKraken (Best in Class)	$74.00
Godaddy thedailygainapps.com + thedailygaininc.com	$54.60
Driving license	$18.00
TDG Bank fees (No way around)	$96.00)
4- create a new FIRE tab and put the finencial wisom tab in a more tab. in fire tab  have a way to forecast my total yearly spendings which is variable  + fixed. do the 4% rule and tell me how much money i need in stock market. 
","improvements made to piggy sped up data entry 

could piggy be a contender in the appostore?", nothing note worthy afaik,none,none,"more for work means less to worry about

fable 5 saving serious time",this area is now become a gateway for ideas. improved piggyu logging for speed.,nothing,not much,nothign specific comes to mind
Social Media,limiting exposure,scrolling on wake up or before sleep,reduce youtube consumption to 10mins/day from 15mins/day,"Average at 16mins/day . do not increase or reduce for now. 

Just Deleted youtube, lets go cold turkey like AAtris did",1,"Being on a trip made me realize I dont need social media at all. In fact I use it while resting only. 

When i want to rest it might be a good idea to try meditating lying down. 

Will buy airpods pro 3 when they come out for that purpose too. too big value for this device.","feeling unbothered by social media, ive been busy and its not annoying me anymore. 

still on track for airpods 3 

banning is not useful",on vacation a big abused but also not bothered by anything I see desensitized somewhat',very to no impact on me,lowered usage waste of time,lowered usage waste of time,low usage under control,lowered more. google news articles and mini scrolling,under control some important youtube videos helped me actually,only quality content,"youtube videos only useful ones or fun while eating
no more facebook 
no more insta
no more other crap","insta / fb cut out

youtube a lot yes but shark tank and creative stuff somtimes gaming and dtota kind of learning things","no change 
insta/fb out
only youtube",2 much youtube but hey,"yeah i may have overdone youtube a bit but I also am learning from it valuable information for workout, gaming etc. I need to just defer it to post productive time.",youtube to learn. rarely watch crappy content of cats etc but still ok,no social just youtube,youtube,youtube ,"DETOX shorts , linked in, news articles, any quick dopamine goodbye

focusing on long content on youtube","Detox is paying off, youtube in Bg is okay but not for deep focus sessions.

Shorts and crap was wasting my energy 

Screen time 1h 45m (down 35%)",detox was well done even though using P for some dopamine but still much better no news no fucks ,"detox from phone best decision ever taken, just some news articles

sometimes tempted to go back but =blocked listwas a god setup to give me time back",detox for the good- ,0,"lowered for the good
some youtube but easy",in control,a bit high on news but hey its the world ending lol,less news high ,war calming down a bit it seems even though leb is fucked mixed feelings,neeed to reduce a bit too much exposure coz of facebook . deleteing app now,good reduction no time anyway,Close to zero ,Close to zero ,dont abuse youtube and all gd,"decent less youtube butr sometimes using to relax and feel worse after.

need to break that habit",much better control. consider even reducing linked in and google feed. dont need distractions. might as well relax and breathe instead,i think much less youtube helpos a lot ,low,lower good,"reddit no (purpose driven)
linked in just notifications
fb (just marketplace)
insta tiktok snapschat (nope 0)
youtube finding valuable videos when eating or want to learn something  (but a bit more than usual)",almost 0 just linked in to know whats in market,"youtube for learning
and linked in","very good pause on everytihng except youtube long form videos and linked in notifications + jobs

trying to pause google scrolling news even 

porn 0 since Aug 8 and feeling much better","i wanna say 0 ish

a bit of newss but much less than usual

under control big time. 

linked in notifs not considerde social media","very very low 

even on news 

and that has been great for focus

need to manage blood asugar better - eat fats with carbs"
HairCare,-,-,-,-,,"New category. 

New plans: Derma rolling and minodoxil instead of rosmeary. will start pictures and before/after journey in August","Plans seems to be working will stick to this new treatment plan along with scalp massages, its easy and long term friendly.","new knowledge and formulas 

important video 
https://youtu.be/W-vbcLp2Ss8?si=c2UiMjdBCST4ejGQ

New Red light therapy
Minoxidil working
Derma Rolling
Scalp Massage
Dht - preventing shampoo next 
Saw Palmetto 
Rosemary
Sometimes rosemary keep the habit
Sometimes saw palmetto

Prevent insulin resistance 
Supplement vitamin D and C properly and Zinc",strong routine showing some favorable MINIMAL results on the crown area. its going to transform to a life long routine,"Got new shampoo 

Made new haricare section","Now uploaded and compared images strong plan moving forward. 

New shampoo is good","minoxidil was not authentic got the real stuff, 

the rest of the plan is being followed.","new minoxidil working well. 

feeling like shampoo is also helping big time

burdock root also calming. 

lowered insulin resistance . 

will continue formula nd see later",doing everything but ack'ing that the crown hole is bound to stay,wip,WIP,wip,wip,wip,ongoing routine seeing some minor encouraging results,Wip,protocols on the way,protocols on the way,[][][][][][][][][][][][][][] protocols steady,adding brushing is nice,[][]][][][[][][][],ongoing care,ongoing care dosent seem great but it is what it is,"status quo - doing my things, slowing it down ","reading about drug trials, going into acceptance mode continuing care",improved minoxidil tactics,acceptance and continuation,"feeling okay right now, new application methods seem good",things are going to be the same and im okay with it. i might lose my hair outside my control but i will do everything not to lose my strenght and positivity and that will be my beeacon forward. amen,"decided that i can go buzzcut when back from US
and that I have no choice in 10+ years but to be bald so I might as well not fight it and start thinking how i can optimize the look instead of trying to avoid it


buzzcut 5mm can help for thinning


what i need to develop:
slightly bigger traps -> can train them 
keep the same eyeglasses maybe a bit wider? according to GPT
have a clean beard & stash

cons: 
face height
low body fat
pros:
symetry of head / clean head (not bumpy
buzzcut worked ok 
big eyebrows 
oval head","buzzcut feels better. 
","new advancements in that domain but sticking to minoxidil for noow

everybody likes my mustache - especially women got 2 compliments from random women so ill focus on keeping it strong","feeling good with beard 
minoxi daily seems better than every other rday

hanging in there : )",nothing new,doing ok ,ok,no change,no change and doing ok,seems actually tiny bit better.,got a new head mask the other broke,"new helmet and doing minoxi after derma

and some massages",doing ok continuing,continuing,"shaved to 2mm and I feel good.

intentional cut and even though i panicked when i cut 7mm , i adjusted it. 

norwood is coming , ive had a good run . 

i  dont want to be like my dad in denial and paint my beard. 
let me accept and do small things to slow down .","intentional 2mm was a good experiment 

felt much more confident about scalp

scalp massages",stable stuff
SkinCare,"measuring
having ways to medicate when in trouble",fomo over acutane or next radical steps,accept that my skin will fluctuate and that bad diets or stress will lead to acne no matter how trivial it may seem,"better acceptance, and acking that sun exposure is bad. 

However, significanlty getting rid of biscuits , nutella, and switching to nuts. 

High dairy / High sugar is what creates those paainful jiucy zits that are much worse than the small ones.",2,"Doxycycline has worked like magic. taking another box for now able to live however and body still dosent make acne. 

Photosensitivity only side effect and can avoid sun no problemo","Doxy almost done . amazing results. 
I hope acne dosent come back ! : )

Maybe need something natural for face washing?
try cetaphil blue in shower","Slacking hard in lebanon and eating dairy some signs of acne coming back but much lighter. 

the treatment def helped but its not magic","slacking and sun and still no big painful acne. 

correlation of food and skin abuse showing. dropped dairy less problems now. 

insulin proper food is helping a lot - especially fasting etc","increase in wheat recently has been increasing acne 

ofc I got back from vacation and slept shitty 

but its the only thing I changed and dry weather",changing foods to reduce problems will monitor more,"burdock root Sebi ++

PITA Goodbye and take acne with you +++++

Less food but smart food is helping a lot not seeing new pustules all week",small acne spike but ate some random stuff coz was bored.,"seeeing a bit of spike not sure what its related to, keep monitoring next week . increase burdock",mini spike was stress and new weather dryness,wip,normal ,a bit increase in oil coz of lind,"tiny increase, need more burdock root","tiny increase, need more burdock root",under control,"cover myself well when outside .
go easy on chocolate",a bit too much milk increase saw acne spike,burdock rot for the win,burdock root + dont overdo chocolate and should be fine,trans fat needs a bit of reduction outside cheat meals,normal ,normal stable,somewhat stable need to reduce dairy and stick to calcium carbonate those mini yougrts are sugar and dairy heavy.,sugar reduction ,"yogurt in diet lead to increase in acne.
removed it and going to switch with amond milk instead",going to try clean almond milk coz the one with gums dosent feel great even though I get calcium,"skin not great, but not painful either. coasting through it, stopped caring/worrying about it completly. if i want to kill it i take another doxy cycle","humidifier kind of helpful 
overall okay

cronometer diet changes proably helped","doing ok not eating shit stuff
and light yogurt only",ive had better days to be honest. increase in dairy is tasty but not great for acne,"less dairy less acne body calmed down directly 

the new shower filter gr8 investment","weather contributed to more oil more acne
even have tro put deodorant to not smell like death",the new water filter helped, doing ok ,ok,payuing the price of no sunscreen once,"normal , watch out for hard sun","normal, some sun acne",normal a bit not great coz overate?,nada,none,none,rest is the best care and hats for sun big impact and sugar control,"picked some zits, got more coz sick but ok overall",not great since changing diet things but shoudl stabilize as I get used to new routine
Refactoring,"doing and decluttering
selling old tech stuff",see consumables as negative,i need to remove things i dont use so i can have more space for costco inflation fighting products,"Sold everything I can think of that is unused inside the home. 

Next can be the nightstand or the scooter in the storage.",3,"facebook marketplace contacted me while in Italy. 

so still ongoing sales to happen. ","everything listed sold ! 

home renovation list helped a lot with refactoring and fun times learning practical skills

Storage documentation also useful !","improved aoukar home massively . 

helped dad too. 

found useful things and junk. got new family photos. 

refactoring also exercise. nothing like it win win in many departments. 

also anxiety fighthing. continue !!","going well, aoukar home now fully cleared from junk ( 1 room addded basically )",10PL improvements spent a full day on it and felt awesome learned new skills,"new improvements planned, latest dust removal was dope","winter clothes + tools + closets + bags + puck lamps 

did so much this week it  was fun and unreal","Planning the next 10PL improvements

spot lights and mirror in bathroom

iphone 13 foldering

Roku simplifications","den lamp

balcony lights 

new mirror and more !!","costco and reordering things

minimize retro to focus biomarkers",storage refactored a bit,"lots of refactoring , clothes, retro, storage",clothes and retro stuff,"not much done, home lights problem but ignoring ",tried a couple of closet refactors but nothing 'stuck' it still takes quite a bit of effort to get set up to workout. Maybe i should consider going back to gym to save time? ,"reorganized clothes for less back and forth 
closet more empty. 
empty stuff over buy stuff!
only buy things that are tiny
donation is good for refactoring
can move a bit more things to storage",lots of refactoring / donation and fixing docs for TDG,ton of refactoring with stuff and closets and documents. removing microplastics and more good job.,"less plsatics, less clutter in the home","small tweaks here and there, nothing note worthy",refactoring my business ,nothing note worthy,nothing note worthy,"nothing note worthy, main entrance closet could use a revaamp/cleanup. 

same as drawers all packed . maybe donate or move to storage?","mini refactors pre trip

for images also done","closet improved

mini storage tweaks

foldering and images","hoover inside closet
Grocery lists and takeout black list white list good stuff","Microphone on desk . dumbek , desk. lost of small things. 
dusting equipment.
improved cleaning.","storage things 

reduced VM size, no need for extra computer for example for Exise",nothing outside software,"light home stuff . 
deep software stuff","Tons of things from desk , to main closet to chores changed","Desk changes again
New keyboard ROCKs","refactoring clothes, deep cleaning home and reordering somethings was good",donated some clothes need to dig a bit deeper storage / old stuff i can get rid of,"more clothes donation and significant drawer refactors feels much better

storage so full and nothing to really do for it. but thast okay too.
need to probably improve my closet drawers.
","MASSIVE refactoring:
Redid storage
donated some stuff
Redid drawers
Redid socks and other shelves too

Feelt good and made a small relic shelf for me","small things here and there
nothing big , the big chhunks clkeared last week really helped",nothing much,Rethikning my life reorganizing my priorities,"did a lot of refactoring inside the home , moved plants ETc",nothing noteworthy,mini storage tweaks,masssive room adjustments no more clutter and much better setup a big win ,"much in my documents for assets and retro

my drive badly needs a bit 

my room is better for sure","documents and drive  ,

generally feeling more organized in thoughts and plans"
Mental Acuity,,,,,,,,,,,,,Feeling sharper and good on low diet. more focus on life,"more life to live without food for sure.

no bloat except cheat meal . ",feeling sharp and a bit irritable,"a bit lesss irritable and regular sharpness. 
when hungry cnt think",adapted to lifestyle but cheat meal is a big MUST,feeling sharp,normal,pretty good affected when sleeping after 12;30,normal,good,good but a bit lower than usual,looks good,focused,,,,,,,,,,,,,,,,,,,,,,,,,,
Socializing skills ,,,,,,,,,,,"Greg & Ana, Adrian & Stefanie, soccer team, gotta get in touch with Jad and Jeevan soon",Good community of friends,soccer community is fun to have new,"soccer, jad, sergey, aatris, adrian ?, family. a good support system overall",good support system,improved support system,saw jad and jeevan not sure about adrian and stefanie,nothing new,a bit lower thisweek,pretty good with soccer recruitment,a bit lower but needed it low in vacation ,okay not great,on fire talked to a lot of people. as strong as ur circle put in action. even recruited gents for soccer. talked to way more ppl this week than usual,okay work,normal,good times with Greg,soccer team preps,0,not too bad left and right but nothing solid solid,small but there,improvement,stable,jad jeevan went out was fun,stable,increased at work decreased outside but balanced,0 it was bad this week i didnt even follow up with ppl that want ed to talk to me,"tried to hit up Ralph so that counts
jad jeevan busy 
need to find more couples to hang out with or more dudes
maybe say hey to davide
talk to Sergey ? Andre?",a bit lower than usual but feeling good about things for now,on the low end but ok for now,"lowering, but talked to random person in gym so stable",going out today with some folks should help,"going out with Jad Jeevan today
went out with naz and friends. 
putting self out there",doing good was fun with J/J but need more groups once a week is a good medium,nothing much,nothing crazy,0,"reduced a bit coz laser focused on TDG

but chilled with Andre",i have my group of friends tha ti socialize with bu t not actively growintg cirlce,"jad jeevan 1time out
next week out with Naz friends",so so not a great circle for now,"Jad jeevan
shidokht peter
aatris

Boulos

i dont have a strong circle but I have a good onee"
Extracurricular,,,,,,,,,,,,Preparing for soccer!!,Preparing for soccer tomorrow!!,skipping soccer for baby shower... ,baby shoewr,walking in new places,some walks,nothing new,none,good where I am now,missing soccer but cardio filler is not so bad,soccer back tomorrow!,big plus one this week,none,booked soccer for next season,soccer,soccer,soccer,travelling n.a,no,soccer ,soccer + doumbek ,soccer + doumbek ,soccer + doumbek ,"soccer + doumbek  
but soccer ending soon",doumbek a bit,"dumbek + soccccccer which is now over. 
kind of happy it is, change is needed and my ankle is healing well. ",dumbekking but need lessons i've reached somewhat plateau,dumbek trying to find tutor and want to imrpve,dumbek new notes out of nowhere. a rly good way to learn alone,"dumbek looking for VT tutor, continunng biut not as persistent",dumbek is fun and a good extra curricular,dumbek usage has dropped a bit,1 time only,dumbek practice with live tutor,"0, just me for fun","dumbek waiting for new tutor, some socccer and basketball","dumbek gonna have to train alone no tutor wants me at VT lol, basketball i won a dude 10-3 had fun !",should resume my fun things soon ,"1 swim and jumping in but paid for it lol

soon leb",diary of ceo 
Finances,"investing even when market is down
diversifying investments","looking at stocks daily
stressing about theft",Average dollar works but first I need to keep a piggy bank of 20k,"Up 80k in one quarter. Lowered stress by not looking at NW. Created a 24k bank for safety. 

Beat expectations. Will keep this up, next pay back to investments including RRSP",3,"Reached my safety net amount. Feels amazing. 

Next Salary will go to RRSP most likely and some crypto purchases. Likely skipping gold next cycle. But will get some in the one after.","Almost done RRSP'ing. Safety amount decreased a bit since 10k lumpsum is always accessible. 

Got some gold and crypto to get back on track with regular purchases. vfv was 158 last I checked so we in good terms. not checking rregularly has been essential for well being!","abount to count assets , vfv seems around 164 so things should be well. 

finished rrsp

30k on standby feels good, but I might need to consider a new investment type!","Strong results close to first life milestone. 

Updated home asset to remove 

start preparing money for a benz cla 

CAA insurance call and ask questions after 2026 ends

real estate price dropped for now","Not going with CAA 

Created a plan for benz and will follow up with questions

Good assets progress, coming to place where I want to start planning the car","CLA plan is set after questions now its a question of saving money and monitoring markets

Potentially plan to buy in DEC 2025","CLA plan is a bit lowered in priority 

Given I spent 5k+ this month and feel awesome doing it

The moves are made in the right direction, I will still save most of next month salary but to buy in Dec 2025 is not a must anymore","floating 43k

good for car 
good for Nerdy next week updates
good for emergency fund

stocks going up as in general","floating cash 42k

next salary is going to be float again minus travel expenses which are going to be like 4k

same for Dec salary",floating cash,floating cash but big expenses 7k bill gotta stop :P ,"floating till end of year, staring 2026 back to formula

",floating next salary of Dec then back to normal formula,floating next salary of Dec then back to normal formula,"now that the dream is set this area requires more scrutiny. 2026 will still have quarterly check ins but after floating Dec, we're no longer floating cash. we need to invest to reach the dream.","we are back to floating  one more month in december and in 2026 no floating. 
2025 was a good year expense wise.
","milestone 1m good job mate, we did it. 
now onto a great year. we set a strong plan to build stock market wealth in 2026 2027, then focus on mortgage closuer. we are on track. all efforts on Nerdy to preserve income as long as possible","reducing cheat meal expenses. 
reducing plans that lead to unnecessary expenses.",expenses okay need to find more sources of income,focus on producing not consuming. get whats needed but also keep frugality as plan B,"plan a : TDG + TDG+Exise
plan b: Nerdy into VFV and crypto
plan c: frugality ","invest in tdg + e, research in tdg, invest in the market, tiny in bitcoin","working on optimizing passive income streams. 

more time in TDG+E
more money in market","invest and forget, spent too much effort thinking about money. 

market , mini bitcoin and value for otherss, the rest will cmoe",invest and prep taxes,"new global equity stock 
continue mission
tax soon finish in april","salary now in 2 payments
tax being complicated this year","did my tax claims for personal corporate.
incomign paycheck , tax check and greg check. good times now","the quarter closed, lost a tiny bit but ok given all the wars ongoing

plan for mortgage in 4y 5months is good

metanoia plan for removal ?","got tax money got dividend.

doing ok overall",reduced mortgage that was good,"back to investing formula. 

small tweaks were made","healthy savings
things are moving in the right direction just takes time
prop value lowered a lot but hey im in love with living here so why care so much there is money anyway

hoping that perf improvement gives mini raise",pretty good ,"On the path to Freedoom plan.

// tasks
1- Pay off Mortgage
2- Increase S&P
3- Optimize expenses

Formula for FI in 5 years

Before 40 is the goal
","feeling in control here. 

just maxed TFSA
on track

Big expense optimizations
Reduced Insurance for home
Moved to Fizz

Next up is variable expense optimization","Expenses optimized.
when i want to eat out I chose metro its somewhat healthier and dosent cost a leg and arm max 20$ and i get tons of food
Reduction in uber eats and restos. chose supermarkets when hungry they have good options.","feeling in control. reduction of bad food

but also feels like income is not fast enouguh to reach the optimaol lifestyle that I want

so lets think about new income source that has p[assion - maybe piggy can make money?","went very deep with piggy to understand the impact of mortgage 

also reevaluated mortgage with Naz to make sure we can finish in Sep 2030 regardless of the amortization rate

finances doing good in general

Reduced thje shit out of fixed expsnses!",frugal piggy revamp + recount mortgage scenarios with amortizations and nwhat not,"thinking about overemployment 

thinking about job upgrade. 

thinking about how fast i can reach FI but what else i would have to sacrifice to speed up (ease of the day life)",with Piggy im analyzing and rethinking organization so thats been good,need to coimpletely resume investing next pay check minimum 5500$,resumed investing market is hot right now,"resumed investing. 

gotta improve some parts of pigggy","record growth  mostly AI gains

continuing the plan!"
Idle Time,identifying opportunity areas,feeling guilty about free time ,"idle time is a bliss as i've seen when i was working in US. I should embrace it while still plan my life how I wish. 

More walks, a new idle filler should do the trick","Making quick plans because of summer has helped alleviate this idle time worrying. 

Generally I've gotten much better at reducing idling.",3,No idle plan this month. pretty dope.,Reduced idle plan with planning and renovations. and some lgiht readings,"Idle time = refactoring or just planning 

too much planning is bad too. but on vacay idle time been great",none,"minimize it for happiness

netflix filler is bad",busy week no idle time,No longer an issue,not an issue,not an issue,not an issue,not an issue,"felt like it was an issue this week, i need to have a way to go out and walk even if its cold or use the idle time to simply read or meditate. not just loop shark tank till infinity",less of an issue,"kind of an issue, needed to walk it off",very good if there is idlee time i can walk in the gym and listen to youtube,low healthy,"none, thank god","none, thank god",if i dont game 6h per day lets be real,"reduced given tdg , finding aatris reminding me to game sometimes ",will come to 0 with new plans,0,0,0,0,-1,0,0,0,0,0,0,0,0,0,0,-1,0,0,0,a bit more than usual but nothing note worth y ,-1,0,0,0,very low
Music,,,,,,,,Diversification is key ,category overkill perhaps,classical back in the game,classical back in the game,decent mix,mixing hard,useless category it seems,ueeless removeing,,,,,,,,,,,,,,,,,,,,,,,,,,,,,,,,,,,,
Porn,,,,,,,,,,,?,2 times this week . decent and undercontrol i would say,1 time progress,2 times regresss,to biomarkers,,,,,,,,,,,,,,,,,,,,,,,,,,,,,,,,,,,,
Netflixing/Prime/AppleTV,-,-,-,-,,"Have 1 side show for eating meals, have one show for with lita.","House for when eating or between stuff or for pure relaxing. not over doing it seems so Its a win .

Saul with Lita. Good balance. not overdoing it. Not being able to watch on pc coz of hardware acceleration is blessing and curse. some mr beast can be a good change","0 in vacation , its good !",0,minimal consumption but staying cognisent of not overdoing given i have more free time,minimal when eating and some Saul at night good balance,minimal eating + fun with Lita , a bit increased with lita given weather and Appletv,"doing good, a bit slack due dto exciting dota games",in control,in control,in control,tiny bit of netflix,none,in control ,low healthy,very low house for food and apple tv with lita,super low,watching apple tv quite a bit,tehran is the shit so enjoying that for now,no time for that anymore ,when eating or satudays,a little bit mid week seems to reduce stress and drive good rest,house only for hrv lol,0,house relaxing or eating,house only,house only,house + lincoln,"person of interest . 
1 show is needed for me but that's it
with lita i delegate to her for our time",the usual,nothing noteworthy,nothing notewoirth,0,0,good,good,good,very low but world cup watching a lot,very low but world cup watching a lot,world cuip + some shows,world cup + lita shojws,final 2 worldcup games + some shows,little when eating,pOI a bit more than usual,with naz or while eating